{
  "$schema": "http://json-schema.org/draft-04/schema#",
  "title": "Sample Deploy Stage",
  "longDescription": "The Delivery Pipeline automates continuous deployment.",
  "type": "object",
  "properties": {
    "dev-region": {
      "description": "The bluemix region",
      "type": "string"
    },
    "dev-organization": {
      "description": "The bluemix org",
      "type": "string"
    },
    "dev-space": {
      "description": "The bluemix space",
      "type": "string"
    },
    "app-name": {
      "description": "app name",
      "type": "string"
    }
  },
  "required": ["dev-region", "dev-organization", "dev-space", "app-name"],
  "form": [{
    "type": "validator",
    "url": "/devops/setup/bm-helper/helper.html"
  }, {
    "type": "text",
    "readonly": false,
    "title": "App Name",
    "key": "app-name"
  }, {
    "type": "table",
    "columnCount": 3,
    "widths": ["28%", "28%", "28%"],
    "items": [{
      "type": "label",
      "title": "Region"
    }, {
      "type": "label",
      "title": "Organization"
    }, {
      "type": "label",
      "title": "Space"
    }, {
      "type": "select",
      "key": "dev-region"
    }, {
      "type": "select",
      "key": "dev-organization"
    }, {
      "type": "select",
      "key": "dev-space",
      "readonly": false
    }]
  }]
}
